,count,mean,std,min,25%,50%,75%,max,skewness,kurtosis,cv
Main_steam_flow_th,50091.0,830.1400961757569,4.654704036504768,817.50869618832,826.9731026200279,830.1317813179394,833.2827069078332,842.7471133395412,0.007626368018205254,-0.16628118063011899,0.00560713072160687
Main_steam_temperature_boiler_side_,50091.0,567.2028807653579,0.5515274383669702,565.7086967650619,566.8289812210533,567.2042397461116,567.5758375250475,568.6961219810389,0.006832438254264246,-0.15272357444328044,0.0009723636058102596
Main_steam_pressure_boiler_side_Mpa,50091.0,14.271749182577478,0.1172039539433745,13.952557282422312,14.19161928383494,14.271980824050637,14.35099395144336,14.590055952855993,0.012596250064017623,-0.1511792686792912,0.008212304773857261
Reheat_steam_temperature_boiler_side_,50091.0,565.5996995477399,0.47423175773493265,564.3096349952298,565.2769759149498,565.6006891334428,565.9218698614299,566.8892107811498,-0.00494890126259658,-0.1605244759538178,0.0008384582914632626
Superheater_desuperheating_water_flow_th,50091.0,81.6236606611674,5.8126328326450745,65.95099445224002,77.72788113451202,81.60937184675393,85.57913892269335,97.35602560496534,-0.007823547930352037,-0.15363262007815148,0.07121259675885186
Reheater_desuperheating_water_flow_th,50091.0,2.742734490727687,1.0052924354443145,-0.002390775576218,2.054897910461968,2.7431242948418584,3.426423701154092,5.483712387192278,0.010337165565782649,-0.17376835974459626,0.36652925714934803
Feedwater_temperature_,50091.0,235.28545981705074,4.473695665056274,223.05650142895607,232.20484335122882,235.25103582408104,238.30373796607728,247.45207988835,0.030775993719350993,-0.15058860570868005,0.019013906207952052
Feedwater_flow_th,50091.0,833.8276054707529,7.453239405303906,813.6470960372374,828.7957277642837,833.8232406592994,838.8948155823145,854.0434473093608,-0.0149680494436353,-0.1525463302887191,0.008938585573808198
Flue_gas_temperature_,50091.0,122.96239388610066,1.1550197045963853,119.82941116699163,122.17946071995769,122.96095154556802,123.74616042193506,126.09620997490111,0.005772387300093902,-0.17520549450326772,0.009393276009787782
Boiler_oxygen_level_,50091.0,4.7328452509244014,0.12420374207407243,4.394190099519527,4.648016865186397,4.732442904830787,4.817234708964311,5.071061474631183,0.009305202929229033,-0.19471725343156843,0.026242933265103782
Main_steam_temperature_turbine_side_,50091.0,565.0048388357604,0.60162697712231,563.3827600727502,564.6009733084186,565.003014895454,565.4131154655308,566.6313287011992,-0.008666980380162037,-0.14581162125184877,0.0010648173887537185
Main_steam_pressure_turbine_side_MPa,50091.0,14.184530665978816,0.11864207255264202,13.86124930062962,14.103732561997084,14.18444222895942,14.265388069575394,14.50787133094286,0.011782490320693888,-0.1648651523083413,0.008364187391635141
Reheat_steam_temperature_turbine_side_,50091.0,565.5918072899887,0.4764131894323838,564.3056733314262,565.271606547569,565.5886942294687,565.9155620249976,566.8814952411404,-0.00018232387809198256,-0.15629011473729904,0.0008423268924546472
Reheat_steam_pressure_turbine_side_MPa,50091.0,1.9640316417613708,0.011213911298998427,1.9334580445023664,1.9564133993067834,1.964056800527989,1.9717169691763945,1.994672323980811,-0.009317809282214212,-0.16105208122263726,0.005709638816685069
Control_stage_pressure_Mpa,50091.0,10.444199516556662,0.07367961245658641,10.244209697780008,10.394162966985737,10.4445811936783,10.494131813122891,10.644085082328624,-0.003674640924842409,-0.1548734351839327,0.007054596413998588
High_exhaust_pressure_Mpa,50091.0,2.1915868987502405,0.012144608947553771,2.1586317963214414,2.183372151043911,2.1916027782107976,2.1998657208588908,2.2246060755813604,0.0006782882157619038,-0.1796689788284529,0.005541468127263981
Feedwater_pressure_MPa,50091.0,15.576878593057378,0.11231343854256251,15.272125135128263,15.500861186144874,15.577262660345593,15.653351886822614,15.882087937839223,-0.01003084802109712,-0.15688424894167374,0.00721026602804882
Condenser_vacuum_kPa,50091.0,-92.87608647913943,0.23819671662647512,-93.523781050636,-93.03761000695567,-92.87833620767933,-92.71349597783546,-92.22732493415516,0.019894727174221846,-0.17599592590985047,0.002564672195570769
Circulating_water_outlet_temperature_,50091.0,35.79527935514463,0.18757031774444474,35.28517343430107,35.66836346962605,35.794108120536784,35.92382349317604,36.30701352850102,0.003921340255091092,-0.17280436924414877,0.005240085316375285
SO2_mgm3,50091.0,437.50100699417726,23.30314631485035,374.3439219035076,421.69969556250265,437.5681213183413,453.27021133516604,500.6259849941611,-0.007671358087661407,-0.15259467971395724,0.05326421183565525
Nox_mgm3,50091.0,194.16891717046158,16.53398964623159,149.43278296372694,183.03780223065107,194.1852185737944,205.4411484086005,239.04616767552463,-0.003925986306884728,-0.14750316954208165,0.08515260777664192
CO_mgm3,50091.0,260.93452450862105,97.35310760441803,-3.935389643735192,194.68735545246938,261.1493513728895,327.1025188499391,525.7252639461436,-0.008265040747615176,-0.17008905092015736,0.37309400811467386
CO2_ppm,50091.0,97844.88149591726,601.9541799719215,96206.70138954744,97434.06007213786,97843.53128510766,98252.2991938648,99479.65787645524,0.028670937174171796,-0.17373490239404088,0.006152127436497933
O2_,50091.0,6.581089212191688,0.06261766172101851,6.410129818131231,6.53827709401268,6.58098821968428,6.62370861126698,6.751855887148429,0.0068674698359783865,-0.16813179020538538,0.009514786945148412
Velocity_ms,50091.0,11.825056873702374,0.12739410680669339,11.481003503399982,11.738955261229723,11.825680455540862,11.910923099782883,12.168874857612622,-0.006520652108466782,-0.16758243695530428,0.010773234172767817
Temp_C,50091.0,94.62810383144485,4.728437122881332,81.82676065157963,91.42493770381637,94.6135222898783,97.82372240530752,107.42189945754424,0.015361678783774034,-0.1489869998501816,0.04996863438481028
Pressure_Kpa,50091.0,-0.24248296341805123,0.010554442594335137,-0.2708496049899643,-0.24955642156340185,-0.2425761731664298,-0.2353609659456935,-0.2140677825191309,0.017483313308821753,-0.13270632359664125,0.04352653252648854
Flow_rate_KNm3h,50091.0,455.04224252518554,4.935619476712067,441.69407679840265,451.7052594485182,455.0191761415317,458.37938121526184,468.3905638653773,0.0018199489843661245,-0.1467508922818319,0.010846508335847285
Opacity_,50091.0,49.69966273040786,0.005051386329031617,49.68589129684358,49.69620652532351,49.69969385522383,49.70308334431013,49.713398572790055,0.003944539686904005,-0.15267190600807723,0.00010163824162011899
Dust_mgm3,50091.0,14.482380798641751,4.531979910264298,2.111695025334376,11.381681195968877,14.455935531640378,17.561671976391878,26.83165814702638,0.02061813565954801,-0.15297914349869002,0.31293058601865625
Boiler_Eff_,50091.0,93.6740610527892,0.050680313165709256,93.53586579663698,93.63968546062017,93.67415191334509,93.70889856994229,93.81271823392548,-0.018321447562518373,-0.17685981256262417,0.0005410282483338563
Entalphy_inlet_MS_kjkg,50091.0,3503.8681473392653,2.194860435353368,3497.893365800959,3502.368973739488,3503.863244008234,3505.352712365174,3509.828320303702,0.011208400395012155,-0.16985887066314787,0.0006264106818688599
Entropi_Inlet_MS_KjKg_Deg_C,50091.0,6.6081473899996475,0.0057717609505072475,6.592541265486483,6.604233203521089,6.608149608326017,6.612027828877492,6.623719766912098,0.011312257465558537,-0.14353996477208364,0.000873431025349384
Cold_Reheat_Pressure_Mpa,50091.0,2.1912678722388237,0.011923268265023943,2.158862754979479,2.183184497335933,2.191286780093792,2.1993989922402357,2.2237207345966894,-0.00026419489027361295,-0.15972156785546465,0.005441264582974929
Cold_Reheat_Temperature_C,50091.0,318.49568854652546,0.6982524540436382,316.6198150771641,318.0267885864405,318.4952896387685,318.9647709259581,320.37174443523446,0.002659462575584223,-0.11925899293930975,0.0021923450745288137
Entalphy_Cold_Reheat_kjkg,50091.0,3061.8606938060207,1.6513213861307197,3057.3994576729165,3060.745151366843,3061.854418552304,3062.9756138294606,3066.321307523387,0.022740601012193273,-0.15013026892295045,0.0005393195678272542
Entalphy_Isentropis_Cold_Reheat_kjkg,50091.0,2956.663177428477,2.3541790974225103,2950.2832378593803,2955.0681460479836,2956.6624167515547,2958.258084840386,2963.0429930289893,0.00839971743429292,-0.14157431193345982,0.0007962283683155381
ΔP_aktual_KjKg,50091.0,442.0173688079965,2.1591334461107,436.16478400168415,440.5552638193451,442.0232715079367,443.4822503644524,447.8727301821133,0.007204820253219166,-0.15115286169519848,0.004884725348990946
ΔHP_isentropis_KjKg,50091.0,547.2017651173207,1.3226968278787485,543.609766381142,546.3024408164924,547.2055613970326,548.0975571067261,550.7902315420765,-0.012823992280591119,-0.1472312079934852,0.0024172013180461154
HP_Turbine_eff_,50091.0,80.77643049753647,0.3395019480171805,79.85215813448767,80.54663684443003,80.77744887789032,81.00962265105827,81.70410136100062,-0.02200764121889046,-0.15318051797968524,0.004202982799884116
O2_in_APH_,50091.0,4.7329286522572795,0.1317577495492873,4.376455567613641,4.644015872927639,4.733138035860103,4.8223894098036375,5.089949715117635,-0.00396137930385205,-0.13772091971060707,0.027838524353509524
O2_Out_APH_,50091.0,5.109821663884902,0.08129924141355273,4.889460646910842,5.054707316427352,5.110273505959329,5.164871762771693,5.330118432288203,-0.002042051345995058,-0.16576309407488266,0.015910387242701232
Refference_Temperature_C,50091.0,31.976165659509387,0.7387086923520406,29.965996947256865,31.47544268931439,31.981096491027472,32.481739850686075,33.991185592743605,-0.01763947340452431,-0.15573225557198134,0.023101853431021245
Flue_Gas_in_Temperature_C,50091.0,355.9926853313832,1.9477045955854364,350.6613333935369,354.6537917762869,355.9734933707439,357.3154306981202,361.3078890808703,0.029742458589229075,-0.182340952965653,0.005471192740301321
APH_Leakage_,50091.0,2.1755485420359304,0.8956148114091079,-0.2602768012907088,1.5676978420034247,2.174397825040576,2.7863476041995137,4.614322247493647,-0.002379024825668017,-0.17261061857961169,0.4116730994983776
Corrected_Flue_Gas_Out_Temperature_C,50091.0,124.93292809255394,1.2280833052122606,121.60954150045654,124.10729675953857,124.93340242828909,125.77246693225992,128.27022219134193,-0.021925286449075175,-0.14142217683163505,0.00982994094481209
APH_Effectiveness_,50091.0,71.31751540202623,0.3680551582188083,70.31227227028045,71.06662135707444,71.31774862145198,71.56952074827043,72.32386983506443,0.0037339548692938472,-0.1728906196957669,0.005160796140247356
Coal_Flow_th,50091.0,167.23523645279337,1.5327909121865417,163.0561871553121,166.18709749111403,167.2380753563828,168.27437104831532,171.40528138411725,0.0010640687874309137,-0.17243543655457616,0.009165478189276295
Energy_Input_From_Boiler_Kcalh,50091.0,711205256.4300108,6202829.038707902,694373529.2282007,707000035.5113149,711154865.0863512,715417706.3667244,728044212.6498387,0.018395282108724504,-0.16629345923713368,0.00872157367036884
NTHR_KcalKwh,50091.0,2539.7618708607447,21.750691096846932,2480.4539944509006,2524.931797863192,2539.8742836374267,2554.5836668047195,2599.0614702170105,-0.01563176383510188,-0.1734324993107923,0.008564067106604548
NPHR_KcalKwh,50091.0,2711.070514596055,22.999512425790464,2648.97140798938,2695.547390506236,2711.1217272858285,2726.598045517473,2773.174028034329,-0.01390501305842604,-0.1548177280260803,0.008483553748220138
Gross_Load_MW,50091.0,296.34917485722644,1.2568789560982092,292.9399022877972,295.4970004792027,296.34644754982446,297.2017326068064,299.7588307982119,0.009193380797286727,-0.1541245633817505,0.004241209568758684
Nett_Load_MW,50091.0,280.04895996986386,1.1839767929561857,276.8271388107804,279.245030673002,280.0555094204421,280.85695858114974,283.2748504433713,-0.011948941082128276,-0.18166531835536226,0.0042277492945647565
HHV_KcalKg,50091.0,4253.554485868736,9.152257328286527,4228.620221441717,4247.345909137266,4253.612466400629,4259.829700934299,4278.555388629848,-0.02765218661651608,-0.14388101446616153,0.002151672761849503
