Model,Train_Time_s,RMSE_Val,MAE_Val,R2_Train,R2_Val,Overfit
Dummy_Mean,0.073,0.051185,0.040853,0.0,-0.000301,0.000301
Lasso,0.276,0.051185,0.040853,0.0,-0.000301,0.000301
AdaBoost,13.959,0.05119,0.040826,0.006261,-0.000486,0.006747
Ridge,0.102,0.051347,0.04098,0.005548,-0.006667,0.012215
Linear,0.191,0.05136,0.040985,0.005785,-0.007153,0.012938
RandomForest,53.527,0.051548,0.041189,0.877243,-0.014527,0.89177
ExtraTrees,8.491,0.051565,0.041094,1.0,-0.015197,1.015197
GradientBoosting,75.552,0.051565,0.041203,0.049056,-0.015227,0.064283
DecisionTree,6.35,0.057827,0.045505,0.120235,-0.276774,0.397009
